Customer_ID,First_Name,Last_Name,DOB,Age,Gender,Phone_Number,Street_Address,City,State,Zip,Latitude,Longitude
CUST-001,Lourdes,Cohen,1984-03-01,39,F,852-797-9634,9042 19th Street,Westminster,CO,80900,39.837,-105.037
CUST-002,Randy,Utrecht,1986-01-01,37,F,241-050-3941,3083 Main St,Pueblo,CO,80173,38.254,-104.609
CUST-003,Jere,Davis,2000-02-08,23,F,751-223-2487,6435 20th Street,Boulder,CO,80173,40.015,-105.271
CUST-004,Takako,Dafel,1992-12-06,31,F,679-337-8542,1787 Jason Rd,Lakewood,CO,80300,39.705,-105.081
CUST-005,Sidney,Campos,1969-06-30,54,F,774-963-4269,2935 12th Street,Arvada,CO,80729,39.803,-105.087
CUST-006,Sana,Fleming,1978-11-08,45,F,343-054-8550,382 92nd Ave,Thornton,CO,80300,39.868,-104.972
CUST-007,Jule,Wiley,1969-07-14,54,F,776-080-4916,7593 92nd Ave,Pueblo,CO,80920,38.254,-104.609
CUST-008,Troy,Ford,1969-03-16,54,M,264-079-0647,6689 Platte Street,Denver,CO,80920,39.739,-104.985
CUST-009,Devorah,Heemskerck,1969-07-09,54,M,433-553-5612,9520 Hollywood Blvd,Boulder,CO,80000,40.015,-105.271
CUST-010,Esteban,Walter,1973-02-07,50,M,685-175-5989,867 Speer Blvd,Fort Collins,CO,80729,40.585,-105.084
CUST-011,Lincoln,Franse,1981-08-08,42,M,388-481-3786,5532 Main St,Arvada,CO,80173,39.803,-105.087
CUST-012,Darrick,Callander,2004-10-04,19,F,482-316-6993,920 Jason Rd,Thornton,CO,80900,39.868,-104.972
CUST-013,Taneka,Alvarado,1953-07-17,70,F,968-418-1114,729 19th Street,Greeley,CO,80173,40.423,-104.709
CUST-014,Dick,Grandia,1976-03-03,47,M,744-082-7925,2463 Cedar Rd,Thornton,CO,80900,39.868,-104.972
CUST-015,Arvilla,Kool,1953-11-20,70,M,632-336-0273,464 54th Ave,Colorado Springs,CO,80300,38.834,-104.821
CUST-016,Argelia,Ingram,1972-04-03,51,F,576-936-2258,3069 20th Street,Centennial,CO,80920,39.579,-104.877
CUST-017,Jess,Decker,1945-08-31,78,F,838-143-6058,4190 54th Ave,Colorado Springs,CO,80173,38.834,-104.821
CUST-018,Petrina,Wilcox,1959-05-17,64,F,205-195-9990,5113 92nd Ave,Westminster,CO,80920,39.837,-105.037
CUST-019,Anya,Oneal,1996-08-22,27,F,224-462-4469,492 12th Street,Colorado Springs,CO,80900,38.834,-104.821
CUST-020,Mable,Dons,1943-06-15,80,M,309-720-0788,9260 92nd Ave,Greeley,CO,80173,40.423,-104.709
CUST-021,Dominic,Mooney,1957-06-12,66,F,252-106-1842,8095 Cedar Rd,Lakewood,CO,80729,39.705,-105.081
CUST-022,Arnold,Keith,1979-01-04,44,M,454-042-8192,3124 92nd Ave,Pueblo,CO,80000,38.254,-104.609
CUST-023,Arnoldo,Stark,1996-04-07,27,M,945-225-9545,9839 Lincoln Rd,Arvada,CO,80300,39.803,-105.087
CUST-024,Nathanael,Valenzuela,1970-08-14,53,M,627-062-1350,5868 Lincoln Rd,Boulder,CO,80729,40.015,-105.271
CUST-025,Danilo,Barrera,1980-01-31,43,M,735-284-2774,7760 20th Street,Boulder,CO,80134,40.015,-105.271
CUST-026,Alberto,van Steenis,2005-07-31,18,M,553-684-7421,8529 14th Ave,Westminster,CO,80900,39.837,-105.037
CUST-027,Seth,Dudley,1943-05-15,80,M,537-440-2649,2798 54th Ave,Fort Collins,CO,80134,40.585,-105.084
CUST-028,Mittie,Otten,2000-03-06,23,F,419-232-2407,817 Lincoln Rd,Greeley,CO,80729,40.423,-104.709
CUST-029,Trena,Sargent,2004-10-25,19,M,320-391-5799,8679 Platte Street,Fort Collins,CO,80920,40.585,-105.084
CUST-030,Rico,Dickie,1943-06-19,80,F,366-013-2359,2115 19th Street,Denver,CO,80173,39.739,-104.985
CUST-031,Brendan,Le,1980-08-28,43,M,985-726-6573,2608 Cedar Rd,Thornton,CO,80729,39.868,-104.972
CUST-032,Charmain,Davidson,1969-02-01,54,F,243-859-2462,651 Lincoln Rd,Boulder,CO,80000,40.015,-105.271
CUST-033,Barrett,Spencer,1948-07-31,75,M,622-654-3049,8395 14th Ave,Pueblo,CO,80900,38.254,-104.609
CUST-034,Noe,Hack,1966-01-31,57,M,743-211-1895,8566 Oak Ave,Arvada,CO,80134,39.803,-105.087
CUST-035,Dalton,Macdonald,1973-07-14,50,M,841-653-8725,2761 Cedar Rd,Boulder,CO,80300,40.015,-105.271
CUST-036,Reynaldo,Collins,1947-04-20,76,M,829-461-2061,6224 Cedar Rd,Denver,CO,80900,39.739,-104.985
CUST-037,Elmer,Rudlin,2001-12-28,22,M,888-646-1709,7877 92nd Ave,Westminster,CO,80173,39.837,-105.037
CUST-038,Keneth,Groeneveld,1991-05-27,32,F,504-702-0440,1448 54th Ave,Pueblo,CO,80900,38.254,-104.609
CUST-039,Jeromy,Melton,1979-10-26,44,M,682-626-4381,789 12th Street,Fort Collins,CO,80173,40.585,-105.084
CUST-040,Gladys,Rivera,1998-05-21,25,F,769-488-1506,7763 12th Street,Denver,CO,80173,39.739,-104.985
CUST-041,Jeromy,Dotson,2004-04-20,19,M,658-815-8655,1278 Jason Rd,Aurora,CO,80134,39.729,-104.832
CUST-042,Annabel,Simon,1955-02-16,68,F,712-879-3520,9300 Speer Blvd,Centennial,CO,80173,39.579,-104.877
CUST-043,Agatha,Huynh,1966-03-25,57,M,980-787-6588,2826 Lincoln Rd,Boulder,CO,80134,40.015,-105.271
CUST-044,Carmine,Davenport,1957-02-19,66,F,449-960-0913,6109 19th Street,Westminster,CO,80920,39.837,-105.037
CUST-045,Odis,Grootendorst,1998-08-02,25,M,516-405-5158,805 12th Street,Denver,CO,80900,39.739,-104.985
CUST-046,Felisha,Cornelisz,1973-11-21,50,F,333-644-2479,4373 Cedar Rd,Aurora,CO,80729,39.729,-104.832
CUST-047,Gustavo,Zimmerman,1975-05-20,48,M,427-397-3315,2231 20th Street,Colorado Springs,CO,80173,38.834,-104.821
CUST-048,Annabell,Zielschot,1998-02-07,25,F,581-577-6655,3458 12th Street,Aurora,CO,80000,39.729,-104.832
CUST-049,Gaylord,Ross,1944-01-30,79,F,487-851-1279,7754 Platte Street,Greeley,CO,80173,40.423,-104.709
CUST-050,Darrell,Terry,1965-09-20,58,F,315-491-4403,2338 54th Ave,Centennial,CO,80000,39.579,-104.877
CUST-051,Rita,Kam,2003-08-01,20,M,317-449-6314,5735 Hollywood Blvd,Centennial,CO,80134,39.579,-104.877
CUST-052,Marilu,Beach,1978-10-22,45,F,230-063-2941,6967 54th Ave,Aurora,CO,80729,39.729,-104.832
CUST-053,Sonia,Eijben,1991-09-18,32,F,538-726-0739,9560 Jason Rd,Pueblo,CO,80173,38.254,-104.609
CUST-054,Vanesa,Carrillo,1966-06-24,57,M,327-224-1120,1299 Jason Rd,Thornton,CO,80729,39.868,-104.972
CUST-055,Ike,Wynn,1947-12-24,76,M,501-278-3174,4875 19th Street,Greeley,CO,80300,40.423,-104.709
CUST-056,Gaylord,Hawkins,1999-09-12,24,F,211-966-8892,3769 19th Street,Greeley,CO,80000,40.423,-104.709
CUST-057,Bobbie,Paal,1967-12-03,56,F,415-361-7894,7306 Main St,Greeley,CO,80920,40.423,-104.709
CUST-058,Curtis,Lapperre,1984-06-27,39,M,867-272-6759,2104 14th Ave,Centennial,CO,80000,39.579,-104.877
CUST-059,Estrella,Greene,1949-01-28,74,M,210-078-9941,8227 Lincoln Rd,Colorado Springs,CO,80900,38.834,-104.821
CUST-060,Galen,Rowe,1952-06-03,71,M,948-598-0497,372 Jason Rd,Colorado Springs,CO,80173,38.834,-104.821
CUST-061,Vallie,Buckner,1948-04-24,75,F,415-337-3619,6333 Oak Ave,Greeley,CO,80729,40.423,-104.709
CUST-062,Bernard,Spithout,1991-01-11,32,F,645-092-7000,6955 Platte Street,Greeley,CO,80729,40.423,-104.709
CUST-063,Mack,Mccullough,1986-10-18,37,M,465-490-8386,4913 Speer Blvd,Thornton,CO,80729,39.868,-104.972
CUST-064,Chung,Heukels,1981-07-15,42,F,706-346-6745,7388 Lincoln Rd,Boulder,CO,80920,40.015,-105.271
CUST-065,Waylon,Lelyveld,1997-10-29,26,M,733-499-1380,9326 20th Street,Colorado Springs,CO,80900,38.834,-104.821
CUST-066,Jame,Martin,1978-01-03,45,M,685-005-5618,4724 20th Street,Denver,CO,80900,39.739,-104.985
CUST-067,Shari,Krause,1987-07-06,36,M,729-900-3600,2508 20th Street,Denver,CO,80173,39.739,-104.985
CUST-068,Lyndia,Woodard,2002-08-02,21,M,368-095-0605,9048 92nd Ave,Pueblo,CO,80729,38.254,-104.609
CUST-069,Lyndon,Dekker,1998-10-24,25,M,748-778-6505,6920 Jason Rd,Fort Collins,CO,80134,40.585,-105.084
CUST-070,Yvonne,Le,1957-12-25,66,F,334-691-4893,6772 Hollywood Blvd,Westminster,CO,80900,39.837,-105.037
CUST-071,Arlie,Moreno,1944-04-26,79,M,517-128-3880,7352 Oak Ave,Boulder,CO,80134,40.015,-105.271
CUST-072,Britta,Kues,1943-11-07,80,M,754-953-7361,1880 20th Street,Aurora,CO,80134,39.729,-104.832
CUST-073,Ruthann,Griffin,1998-10-02,25,M,910-131-1221,1787 Cedar Rd,Centennial,CO,80134,39.579,-104.877
CUST-074,Fumiko,Mcdowell,1988-11-24,35,F,976-770-1908,7729 Jason Rd,Denver,CO,80134,39.739,-104.985
CUST-075,Gabriele,Mees,1953-03-14,70,F,435-397-5528,9758 Oak Ave,Greeley,CO,80173,40.423,-104.709
CUST-076,Alethia,Keiman,1983-05-31,40,F,334-767-3941,5589 Hollywood Blvd,Fort Collins,CO,80300,40.585,-105.084
CUST-077,Troy,Holden,1947-03-19,76,F,689-265-0925,570 Oak Ave,Colorado Springs,CO,80300,38.834,-104.821
CUST-078,Manie,Powell,1953-12-31,70,F,240-660-5514,8157 Jason Rd,Pueblo,CO,80134,38.254,-104.609
CUST-079,Sharla,Mchoul,1950-11-30,73,F,768-192-6009,3571 Speer Blvd,Colorado Springs,CO,80900,38.834,-104.821
CUST-080,Gracie,Roberts,1976-08-26,47,M,373-423-1796,7457 92nd Ave,Denver,CO,80173,39.739,-104.985
CUST-081,Vance,Galvan,1943-01-10,80,M,918-542-5474,7816 Cedar Rd,Denver,CO,80300,39.739,-104.985
CUST-082,Freda,Estrada,1956-03-05,67,M,305-586-8010,8539 54th Ave,Denver,CO,80173,39.739,-104.985
CUST-083,Cristina,Boudewijn,1972-07-22,51,F,567-335-4491,4583 Oak Ave,Thornton,CO,80900,39.868,-104.972
CUST-084,Marcelino,Cox,1956-09-02,67,M,728-680-7406,8889 Oak Ave,Lakewood,CO,80134,39.705,-105.081
CUST-085,Horacio,Novak,1999-02-25,24,F,327-129-7286,7731 12th Street,Fort Collins,CO,80000,40.585,-105.084
CUST-086,Ernesto,Willems,1995-08-09,28,M,455-317-1002,1307 54th Ave,Boulder,CO,80134,40.015,-105.271
CUST-087,Jack,Bridges,1984-02-05,39,F,223-292-5371,2905 14th Ave,Greeley,CO,80729,40.423,-104.709
CUST-088,Lorrie,Oconnor,1948-11-06,75,F,313-004-8198,7761 Hollywood Blvd,Lakewood,CO,80920,39.705,-105.081
CUST-089,Marion,Burks,1948-08-19,75,F,583-190-2968,4539 12th Street,Pueblo,CO,80173,38.254,-104.609
CUST-090,Jacquelyne,Chayah,1953-05-08,70,M,459-085-7969,1010 Platte Street,Aurora,CO,80920,39.729,-104.832
CUST-091,Beverlee,Faulkner,1990-01-22,33,M,271-369-9151,1230 92nd Ave,Aurora,CO,80920,39.729,-104.832
CUST-092,Troy,Stark,1968-06-04,55,F,428-616-4349,3211 Jason Rd,Boulder,CO,80920,40.015,-105.271
CUST-093,Rochell,Schuling,1991-02-07,32,F,609-880-5687,9221 20th Street,Centennial,CO,80300,39.579,-104.877
CUST-094,Phebe,Buitenweg,1955-10-18,68,F,741-863-4792,4358 Jason Rd,Thornton,CO,80300,39.868,-104.972
CUST-095,Aaron,Hood,1999-08-15,24,F,575-847-2501,8251 54th Ave,Denver,CO,80000,39.739,-104.985
CUST-096,Clarinda,Vonck,1949-04-13,74,F,930-754-7604,4715 Main St,Arvada,CO,80134,39.803,-105.087
CUST-097,Adolfo,Roeder,1987-09-12,36,F,650-832-6207,7635 92nd Ave,Pueblo,CO,80000,38.254,-104.609
CUST-098,Rudolf,Hendrickx,1992-07-15,31,M,665-109-3138,9271 19th Street,Lakewood,CO,80173,39.705,-105.081
CUST-099,Florentina,Pacheco,2005-04-01,18,F,455-870-0555,8441 Speer Blvd,Colorado Springs,CO,80134,38.834,-104.821