Sale_ID,Customer_ID,Purchase_Date,Month,Year,Season,Method
SALE_001,CUST-049,2020-03-12,March,2020,Winter,In Store
SALE_002,CUST-038,2023-08-07,August,2023,Summer,In Store
SALE_003,CUST-040,2020-11-23,November,2020,Autumn,In Store
SALE_004,CUST-092,2022-01-08,January,2022,Winter,Local Pick-Up
SALE_005,CUST-090,2023-01-28,January,2023,Winter,Local Pick-Up
SALE_006,CUST-011,2020-03-04,March,2020,Winter,In Store
SALE_007,CUST-019,2022-08-04,August,2022,Summer,In Store
SALE_008,CUST-006,2021-01-29,January,2021,Winter,In Store
SALE_009,CUST-023,2023-11-19,November,2023,Autumn,In Store
SALE_010,CUST-062,2020-04-10,April,2020,Spring,Online
SALE_011,CUST-025,2022-07-24,July,2022,Summer,Online
SALE_012,CUST-086,2020-11-03,November,2020,Autumn,Online
SALE_013,CUST-001,2020-07-11,July,2020,Summer,Online
SALE_014,CUST-014,2020-02-17,February,2020,Winter,Local Pick-Up
SALE_015,CUST-009,2021-02-06,February,2021,Winter,Online
SALE_016,CUST-042,2021-07-03,July,2021,Summer,Online
SALE_017,CUST-020,2021-05-19,May,2021,Spring,In Store
SALE_018,CUST-075,2023-08-16,August,2023,Summer,Online
SALE_019,CUST-046,2020-05-09,May,2020,Spring,Local Pick-Up
SALE_020,CUST-019,2020-02-29,February,2020,Winter,In Store
SALE_021,CUST-009,2023-10-31,October,2023,Autumn,Online
SALE_022,CUST-064,2023-11-29,November,2023,Autumn,Online
SALE_023,CUST-042,2022-01-11,January,2022,Winter,Local Pick-Up
SALE_024,CUST-029,2020-05-01,May,2020,Spring,Online
SALE_025,CUST-094,2022-07-13,July,2022,Summer,Local Pick-Up
SALE_026,CUST-065,2023-08-03,August,2023,Summer,Local Pick-Up
SALE_027,CUST-095,2022-12-06,December,2022,Autumn,Online
SALE_028,CUST-045,2020-01-23,January,2020,Winter,In Store
SALE_029,CUST-004,2022-09-24,September,2022,Autumn,In Store
SALE_030,CUST-074,2023-12-20,December,2023,Autumn,Online
SALE_031,CUST-072,2023-04-01,April,2023,Spring,In Store
SALE_032,CUST-042,2021-07-01,July,2021,Summer,In Store
SALE_033,CUST-064,2021-08-08,August,2021,Summer,Online
SALE_034,CUST-041,2020-02-27,February,2020,Winter,Local Pick-Up
SALE_035,CUST-009,2023-09-28,September,2023,Autumn,Online
SALE_036,CUST-081,2021-07-03,July,2021,Summer,Online
SALE_037,CUST-099,2022-01-02,January,2022,Winter,In Store
SALE_038,CUST-053,2021-01-31,January,2021,Winter,Local Pick-Up
SALE_039,CUST-017,2020-12-01,December,2020,Autumn,In Store
SALE_040,CUST-070,2021-12-24,December,2021,Winter,Local Pick-Up
SALE_041,CUST-091,2020-12-04,December,2020,Autumn,Online
SALE_042,CUST-039,2020-11-18,November,2020,Autumn,In Store
SALE_043,CUST-002,2020-05-31,May,2020,Spring,Online
SALE_044,CUST-022,2020-09-08,September,2020,Summer,In Store
SALE_045,CUST-063,2022-11-03,November,2022,Autumn,In Store
SALE_046,CUST-082,2021-06-08,June,2021,Spring,Online
SALE_047,CUST-032,2021-01-07,January,2021,Winter,Online
SALE_048,CUST-089,2020-09-20,September,2020,Summer,Online
SALE_049,CUST-044,2021-03-01,March,2021,Winter,Online
SALE_050,CUST-027,2020-11-08,November,2020,Autumn,Online
SALE_051,CUST-048,2022-01-09,January,2022,Winter,Local Pick-Up
SALE_052,CUST-046,2020-05-01,May,2020,Spring,In Store
SALE_053,CUST-056,2022-03-20,March,2022,Winter,Online
SALE_054,CUST-078,2021-10-13,October,2021,Autumn,In Store
SALE_055,CUST-080,2022-03-18,March,2022,Winter,Local Pick-Up
SALE_056,CUST-067,2021-01-31,January,2021,Winter,Online
SALE_057,CUST-047,2023-04-27,April,2023,Spring,In Store
SALE_058,CUST-089,2021-08-14,August,2021,Summer,In Store
SALE_059,CUST-009,2023-04-02,April,2023,Spring,Online
SALE_060,CUST-098,2022-09-26,September,2022,Autumn,Local Pick-Up
SALE_061,CUST-025,2020-06-19,June,2020,Spring,Online
SALE_062,CUST-059,2020-04-08,April,2020,Spring,In Store
SALE_063,CUST-063,2023-11-09,November,2023,Autumn,In Store
SALE_064,CUST-071,2020-08-11,August,2020,Summer,In Store
SALE_065,CUST-023,2022-04-05,April,2022,Spring,In Store
SALE_066,CUST-037,2023-04-04,April,2023,Spring,In Store
SALE_067,CUST-072,2022-10-25,October,2022,Autumn,Online
SALE_068,CUST-083,2020-06-18,June,2020,Spring,Local Pick-Up
SALE_069,CUST-004,2023-12-01,December,2023,Autumn,In Store
SALE_070,CUST-059,2020-06-02,June,2020,Spring,Online
SALE_071,CUST-095,2023-08-06,August,2023,Summer,Local Pick-Up
SALE_072,CUST-008,2020-07-02,July,2020,Summer,Local Pick-Up
SALE_073,CUST-024,2022-12-13,December,2022,Autumn,In Store
SALE_074,CUST-061,2022-12-14,December,2022,Autumn,In Store
SALE_075,CUST-088,2021-08-28,August,2021,Summer,In Store
SALE_076,CUST-029,2020-06-24,June,2020,Summer,In Store
SALE_077,CUST-073,2020-12-26,December,2020,Winter,In Store
SALE_078,CUST-078,2021-05-28,May,2021,Spring,Online
SALE_079,CUST-041,2022-06-28,June,2022,Summer,Online
SALE_080,CUST-072,2021-11-23,November,2021,Autumn,Online
SALE_081,CUST-093,2021-08-20,August,2021,Summer,In Store
SALE_082,CUST-051,2022-06-25,June,2022,Summer,Online
SALE_083,CUST-075,2022-12-28,December,2022,Winter,Online
SALE_084,CUST-056,2023-12-27,December,2023,Winter,Online
SALE_085,CUST-043,2022-04-09,April,2022,Spring,In Store
SALE_086,CUST-067,2022-11-01,November,2022,Autumn,Online
SALE_087,CUST-019,2021-10-19,October,2021,Autumn,In Store
SALE_088,CUST-052,2022-07-03,July,2022,Summer,Online
SALE_089,CUST-019,2022-09-30,September,2022,Autumn,Local Pick-Up
SALE_090,CUST-004,2021-06-25,June,2021,Summer,In Store
SALE_091,CUST-036,2022-10-08,October,2022,Autumn,Local Pick-Up
SALE_092,CUST-032,2021-03-22,March,2021,Spring,In Store
SALE_093,CUST-065,2022-06-18,June,2022,Spring,Local Pick-Up
SALE_094,CUST-036,2020-10-19,October,2020,Autumn,In Store
SALE_095,CUST-076,2020-08-17,August,2020,Summer,Online
SALE_096,CUST-042,2022-06-13,June,2022,Spring,In Store
SALE_097,CUST-058,2022-06-14,June,2022,Spring,Local Pick-Up
SALE_098,CUST-091,2020-04-21,April,2020,Spring,Online
SALE_099,CUST-061,2021-08-10,August,2021,Summer,Local Pick-Up
SALE_100,CUST-098,2022-03-25,March,2022,Spring,Local Pick-Up
SALE_101,CUST-090,2022-07-08,July,2022,Summer,Online
SALE_102,CUST-013,2021-12-15,December,2021,Autumn,Local Pick-Up
SALE_103,CUST-061,2022-09-10,September,2022,Summer,Online
SALE_104,CUST-034,2020-12-23,December,2020,Winter,Online
SALE_105,CUST-072,2023-08-03,August,2023,Summer,In Store
SALE_106,CUST-065,2023-03-15,March,2023,Winter,In Store
SALE_107,CUST-005,2020-02-19,February,2020,Winter,Local Pick-Up
SALE_108,CUST-053,2021-04-21,April,2021,Spring,Online
SALE_109,CUST-054,2021-11-09,November,2021,Autumn,In Store
SALE_110,CUST-054,2022-02-11,February,2022,Winter,Local Pick-Up
SALE_111,CUST-008,2023-07-28,July,2023,Summer,Online
SALE_112,CUST-022,2021-09-30,September,2021,Autumn,Online
SALE_113,CUST-060,2023-01-17,January,2023,Winter,In Store
SALE_114,CUST-091,2022-02-12,February,2022,Winter,In Store
SALE_115,CUST-042,2021-09-23,September,2021,Autumn,Online
SALE_116,CUST-050,2020-02-09,February,2020,Winter,In Store
SALE_117,CUST-025,2023-12-24,December,2023,Winter,Online
SALE_118,CUST-092,2021-11-06,November,2021,Autumn,Online
SALE_119,CUST-083,2023-09-08,September,2023,Summer,Online
SALE_120,CUST-056,2020-06-19,June,2020,Spring,In Store
SALE_121,CUST-005,2022-09-27,September,2022,Autumn,Online
SALE_122,CUST-036,2023-01-11,January,2023,Winter,Local Pick-Up
SALE_123,CUST-090,2020-10-25,October,2020,Autumn,Online
SALE_124,CUST-071,2022-05-30,May,2022,Spring,In Store
SALE_125,CUST-073,2022-03-01,March,2022,Winter,Online
SALE_126,CUST-054,2021-02-02,February,2021,Winter,Local Pick-Up
SALE_127,CUST-046,2023-03-31,March,2023,Spring,Online
SALE_128,CUST-005,2021-02-22,February,2021,Winter,In Store
SALE_129,CUST-078,2022-01-17,January,2022,Winter,Online
SALE_130,CUST-009,2021-07-08,July,2021,Summer,In Store
SALE_131,CUST-056,2021-11-30,November,2021,Autumn,In Store
SALE_132,CUST-041,2020-07-23,July,2020,Summer,Online
SALE_133,CUST-070,2020-07-01,July,2020,Summer,Local Pick-Up
SALE_134,CUST-037,2023-07-05,July,2023,Summer,In Store
SALE_135,CUST-093,2021-05-08,May,2021,Spring,Local Pick-Up
SALE_136,CUST-078,2021-07-18,July,2021,Summer,Online
SALE_137,CUST-070,2020-02-13,February,2020,Winter,Local Pick-Up
SALE_138,CUST-076,2021-01-23,January,2021,Winter,Local Pick-Up
SALE_139,CUST-059,2023-12-30,December,2023,Winter,In Store
SALE_140,CUST-076,2021-01-09,January,2021,Winter,In Store
SALE_141,CUST-069,2022-03-10,March,2022,Winter,Local Pick-Up
SALE_142,CUST-030,2020-12-25,December,2020,Winter,In Store
SALE_143,CUST-046,2023-06-22,June,2023,Summer,Online
SALE_144,CUST-062,2021-06-03,June,2021,Spring,Online
SALE_145,CUST-024,2021-11-01,November,2021,Autumn,Local Pick-Up
SALE_146,CUST-064,2022-07-01,July,2022,Summer,Local Pick-Up
SALE_147,CUST-041,2021-10-02,October,2021,Autumn,Online
SALE_148,CUST-049,2021-12-13,December,2021,Autumn,In Store
SALE_149,CUST-087,2022-11-22,November,2022,Autumn,Local Pick-Up
SALE_150,CUST-014,2023-12-13,December,2023,Autumn,In Store
SALE_151,CUST-045,2021-06-13,June,2021,Spring,Online
SALE_152,CUST-001,2022-03-25,March,2022,Spring,Online
SALE_153,CUST-062,2020-12-18,December,2020,Autumn,Online
SALE_154,CUST-077,2021-08-30,August,2021,Summer,In Store
SALE_155,CUST-003,2023-07-31,July,2023,Summer,In Store
SALE_156,CUST-096,2021-10-11,October,2021,Autumn,In Store
SALE_157,CUST-085,2022-12-10,December,2022,Autumn,Online
SALE_158,CUST-023,2022-01-21,January,2022,Winter,Local Pick-Up
SALE_159,CUST-071,2023-12-27,December,2023,Winter,Online
SALE_160,CUST-086,2021-02-02,February,2021,Winter,In Store
SALE_161,CUST-003,2023-04-12,April,2023,Spring,In Store
SALE_162,CUST-037,2022-02-06,February,2022,Winter,In Store
SALE_163,CUST-046,2021-04-08,April,2021,Spring,Local Pick-Up
SALE_164,CUST-074,2023-10-07,October,2023,Autumn,In Store
SALE_165,CUST-093,2023-04-06,April,2023,Spring,Local Pick-Up
SALE_166,CUST-084,2023-11-22,November,2023,Autumn,Online
SALE_167,CUST-051,2023-01-13,January,2023,Winter,In Store
SALE_168,CUST-011,2021-09-16,September,2021,Summer,Online
SALE_169,CUST-018,2020-04-23,April,2020,Spring,In Store
SALE_170,CUST-007,2022-09-13,September,2022,Summer,Local Pick-Up
SALE_171,CUST-015,2023-05-20,May,2023,Spring,In Store
SALE_172,CUST-079,2021-05-30,May,2021,Spring,Online
SALE_173,CUST-060,2020-09-22,September,2020,Autumn,In Store
SALE_174,CUST-078,2023-07-07,July,2023,Summer,Online
SALE_175,CUST-075,2022-02-21,February,2022,Winter,Online
SALE_176,CUST-031,2022-09-28,September,2022,Autumn,In Store
SALE_177,CUST-015,2023-05-09,May,2023,Spring,Local Pick-Up
SALE_178,CUST-036,2021-08-09,August,2021,Summer,Local Pick-Up
SALE_179,CUST-086,2021-12-16,December,2021,Autumn,Online
SALE_180,CUST-067,2020-06-21,June,2020,Spring,In Store
SALE_181,CUST-048,2022-01-08,January,2022,Winter,Online
SALE_182,CUST-029,2021-03-14,March,2021,Winter,Online
SALE_183,CUST-037,2021-09-03,September,2021,Summer,Local Pick-Up
SALE_184,CUST-099,2021-02-16,February,2021,Winter,Online
SALE_185,CUST-054,2021-10-09,October,2021,Autumn,Local Pick-Up
SALE_186,CUST-037,2022-11-13,November,2022,Autumn,Online
SALE_187,CUST-092,2021-07-18,July,2021,Summer,In Store
SALE_188,CUST-078,2021-08-17,August,2021,Summer,Online
SALE_189,CUST-011,2022-02-08,February,2022,Winter,In Store
SALE_190,CUST-018,2022-06-23,June,2022,Summer,Local Pick-Up
SALE_191,CUST-076,2022-03-26,March,2022,Spring,In Store
SALE_192,CUST-008,2023-01-08,January,2023,Winter,Online
SALE_193,CUST-040,2023-07-13,July,2023,Summer,In Store
SALE_194,CUST-029,2023-11-20,November,2023,Autumn,In Store
SALE_195,CUST-061,2020-09-07,September,2020,Summer,Local Pick-Up
SALE_196,CUST-024,2021-05-05,May,2021,Spring,In Store
SALE_197,CUST-074,2021-11-01,November,2021,Autumn,Online
SALE_198,CUST-018,2023-07-09,July,2023,Summer,In Store
SALE_199,CUST-067,2023-05-04,May,2023,Spring,Online
SALE_200,CUST-062,2023-10-23,October,2023,Autumn,In Store
SALE_201,CUST-078,2022-10-27,October,2022,Autumn,Local Pick-Up
SALE_202,CUST-007,2023-09-26,September,2023,Autumn,In Store
SALE_203,CUST-059,2020-06-01,June,2020,Spring,Online
SALE_204,CUST-064,2020-07-30,July,2020,Summer,Local Pick-Up
SALE_205,CUST-016,2021-01-05,January,2021,Winter,Online
SALE_206,CUST-041,2021-11-01,November,2021,Autumn,Online
SALE_207,CUST-049,2021-10-19,October,2021,Autumn,Online
SALE_208,CUST-007,2021-11-14,November,2021,Autumn,In Store
SALE_209,CUST-003,2020-06-01,June,2020,Spring,Local Pick-Up
SALE_210,CUST-023,2022-01-10,January,2022,Winter,Online
SALE_211,CUST-099,2022-04-16,April,2022,Spring,In Store
SALE_212,CUST-068,2020-07-26,July,2020,Summer,Online
SALE_213,CUST-041,2020-08-26,August,2020,Summer,Online
SALE_214,CUST-036,2023-01-09,January,2023,Winter,Local Pick-Up
SALE_215,CUST-009,2021-05-11,May,2021,Spring,Online
SALE_216,CUST-062,2020-06-28,June,2020,Summer,Online
SALE_217,CUST-062,2021-04-06,April,2021,Spring,In Store
SALE_218,CUST-030,2021-04-23,April,2021,Spring,In Store
SALE_219,CUST-063,2020-04-06,April,2020,Spring,Online
SALE_220,CUST-060,2022-06-15,June,2022,Spring,In Store
SALE_221,CUST-056,2022-04-09,April,2022,Spring,Online
SALE_222,CUST-034,2023-02-17,February,2023,Winter,Online
SALE_223,CUST-016,2023-03-14,March,2023,Winter,Online
SALE_224,CUST-010,2023-06-12,June,2023,Spring,Online
SALE_225,CUST-040,2021-05-04,May,2021,Spring,Online
SALE_226,CUST-086,2022-11-21,November,2022,Autumn,Online
SALE_227,CUST-014,2023-06-27,June,2023,Summer,In Store
SALE_228,CUST-012,2021-04-14,April,2021,Spring,Online
SALE_229,CUST-062,2021-06-03,June,2021,Spring,Local Pick-Up
SALE_230,CUST-073,2023-08-07,August,2023,Summer,In Store
SALE_231,CUST-036,2021-10-01,October,2021,Autumn,Online
SALE_232,CUST-042,2021-04-19,April,2021,Spring,In Store
SALE_233,CUST-015,2022-08-23,August,2022,Summer,In Store
SALE_234,CUST-010,2020-07-11,July,2020,Summer,Online
SALE_235,CUST-053,2021-08-08,August,2021,Summer,In Store
SALE_236,CUST-079,2023-09-04,September,2023,Summer,Online
SALE_237,CUST-014,2023-02-19,February,2023,Winter,Online
SALE_238,CUST-024,2023-07-27,July,2023,Summer,In Store
SALE_239,CUST-070,2020-04-05,April,2020,Spring,In Store
SALE_240,CUST-015,2020-05-18,May,2020,Spring,Online
SALE_241,CUST-020,2023-11-24,November,2023,Autumn,Local Pick-Up
SALE_242,CUST-039,2022-08-24,August,2022,Summer,In Store
SALE_243,CUST-066,2021-02-28,February,2021,Winter,Online
SALE_244,CUST-010,2021-11-22,November,2021,Autumn,In Store
SALE_245,CUST-072,2020-02-04,February,2020,Winter,Local Pick-Up
SALE_246,CUST-030,2022-04-18,April,2022,Spring,In Store
SALE_247,CUST-030,2021-01-05,January,2021,Winter,In Store
SALE_248,CUST-007,2023-08-19,August,2023,Summer,In Store
SALE_249,CUST-097,2023-01-09,January,2023,Winter,Online
SALE_250,CUST-054,2023-02-11,February,2023,Winter,In Store
SALE_251,CUST-037,2023-06-01,June,2023,Spring,Local Pick-Up
SALE_252,CUST-032,2021-02-05,February,2021,Winter,Online
SALE_253,CUST-038,2021-01-07,January,2021,Winter,Local Pick-Up
SALE_254,CUST-090,2021-02-04,February,2021,Winter,Online
SALE_255,CUST-083,2023-08-24,August,2023,Summer,Online
SALE_256,CUST-046,2020-11-05,November,2020,Autumn,Local Pick-Up
SALE_257,CUST-024,2020-12-24,December,2020,Winter,In Store
SALE_258,CUST-004,2023-02-27,February,2023,Winter,In Store
SALE_259,CUST-055,2022-12-25,December,2022,Winter,Local Pick-Up
SALE_260,CUST-003,2022-01-18,January,2022,Winter,In Store
SALE_261,CUST-066,2022-05-06,May,2022,Spring,In Store
SALE_262,CUST-025,2023-02-07,February,2023,Winter,Local Pick-Up
SALE_263,CUST-076,2021-09-23,September,2021,Autumn,In Store
SALE_264,CUST-025,2020-11-27,November,2020,Autumn,In Store
SALE_265,CUST-008,2023-12-18,December,2023,Autumn,In Store
SALE_266,CUST-017,2020-03-03,March,2020,Winter,In Store
SALE_267,CUST-032,2022-05-16,May,2022,Spring,In Store
SALE_268,CUST-068,2022-02-02,February,2022,Winter,In Store
SALE_269,CUST-003,2020-01-10,January,2020,Winter,Online
SALE_270,CUST-035,2020-07-22,July,2020,Summer,In Store
SALE_271,CUST-020,2023-11-14,November,2023,Autumn,Online
SALE_272,CUST-059,2023-08-29,August,2023,Summer,In Store
SALE_273,CUST-042,2020-06-24,June,2020,Summer,Online
SALE_274,CUST-035,2022-12-05,December,2022,Autumn,Online
SALE_275,CUST-002,2023-09-01,September,2023,Summer,In Store
SALE_276,CUST-079,2021-03-13,March,2021,Winter,Online
SALE_277,CUST-092,2022-10-01,October,2022,Autumn,Online
SALE_278,CUST-046,2021-12-18,December,2021,Autumn,Local Pick-Up
SALE_279,CUST-014,2022-05-16,May,2022,Spring,Local Pick-Up
SALE_280,CUST-062,2020-12-18,December,2020,Autumn,In Store
SALE_281,CUST-062,2020-03-03,March,2020,Winter,Local Pick-Up
SALE_282,CUST-027,2020-02-15,February,2020,Winter,In Store
SALE_283,CUST-029,2021-09-10,September,2021,Summer,In Store
SALE_284,CUST-032,2020-09-18,September,2020,Summer,Online
SALE_285,CUST-065,2022-10-14,October,2022,Autumn,Local Pick-Up
SALE_286,CUST-095,2023-05-24,May,2023,Spring,Online
SALE_287,CUST-022,2021-05-11,May,2021,Spring,Online
SALE_288,CUST-086,2022-05-30,May,2022,Spring,Online
SALE_289,CUST-003,2020-10-20,October,2020,Autumn,Online
SALE_290,CUST-074,2023-10-14,October,2023,Autumn,Local Pick-Up
SALE_291,CUST-068,2020-07-13,July,2020,Summer,In Store
SALE_292,CUST-095,2022-01-05,January,2022,Winter,In Store
SALE_293,CUST-043,2022-09-14,September,2022,Summer,Online
SALE_294,CUST-093,2022-04-08,April,2022,Spring,In Store
SALE_295,CUST-031,2021-09-02,September,2021,Summer,In Store
SALE_296,CUST-014,2020-08-07,August,2020,Summer,In Store
SALE_297,CUST-051,2022-12-04,December,2022,Autumn,In Store
SALE_298,CUST-037,2022-09-06,September,2022,Summer,Online
SALE_299,CUST-042,2022-02-26,February,2022,Winter,Local Pick-Up
SALE_300,CUST-092,2022-01-04,January,2022,Winter,Online
SALE_301,CUST-087,2020-01-30,January,2020,Winter,Online
SALE_302,CUST-057,2022-05-19,May,2022,Spring,Local Pick-Up
SALE_303,CUST-052,2023-02-05,February,2023,Winter,In Store
SALE_304,CUST-076,2022-04-07,April,2022,Spring,In Store
SALE_305,CUST-034,2022-02-23,February,2022,Winter,In Store
SALE_306,CUST-093,2023-06-18,June,2023,Spring,In Store
SALE_307,CUST-012,2020-12-03,December,2020,Autumn,Online
SALE_308,CUST-012,2020-10-21,October,2020,Autumn,Online
SALE_309,CUST-018,2022-03-14,March,2022,Winter,In Store
SALE_310,CUST-034,2023-03-23,March,2023,Spring,In Store
SALE_311,CUST-064,2022-09-16,September,2022,Summer,Online
SALE_312,CUST-020,2022-11-10,November,2022,Autumn,Online
SALE_313,CUST-081,2021-03-31,March,2021,Spring,In Store
SALE_314,CUST-022,2020-02-20,February,2020,Winter,In Store
SALE_315,CUST-059,2021-04-25,April,2021,Spring,Online
SALE_316,CUST-003,2021-12-20,December,2021,Autumn,In Store
SALE_317,CUST-068,2020-04-24,April,2020,Spring,Online
SALE_318,CUST-099,2023-05-17,May,2023,Spring,In Store
SALE_319,CUST-079,2020-03-19,March,2020,Winter,In Store
SALE_320,CUST-056,2020-12-17,December,2020,Autumn,In Store
SALE_321,CUST-001,2023-09-19,September,2023,Summer,Online
SALE_322,CUST-079,2023-03-04,March,2023,Winter,Local Pick-Up
SALE_323,CUST-076,2021-08-20,August,2021,Summer,In Store
SALE_324,CUST-091,2022-08-29,August,2022,Summer,Local Pick-Up
SALE_325,CUST-013,2020-01-24,January,2020,Winter,Online
SALE_326,CUST-062,2021-02-09,February,2021,Winter,Online
SALE_327,CUST-017,2022-10-11,October,2022,Autumn,In Store
SALE_328,CUST-048,2022-02-16,February,2022,Winter,Local Pick-Up
SALE_329,CUST-061,2022-06-15,June,2022,Spring,Local Pick-Up
SALE_330,CUST-059,2020-08-15,August,2020,Summer,In Store
SALE_331,CUST-052,2023-08-28,August,2023,Summer,Online
SALE_332,CUST-024,2021-09-17,September,2021,Summer,Online
SALE_333,CUST-021,2020-04-16,April,2020,Spring,Online
SALE_334,CUST-070,2020-10-09,October,2020,Autumn,Online
SALE_335,CUST-040,2021-02-02,February,2021,Winter,In Store
SALE_336,CUST-098,2023-10-22,October,2023,Autumn,In Store
SALE_337,CUST-084,2023-06-30,June,2023,Summer,In Store
SALE_338,CUST-074,2023-07-16,July,2023,Summer,Online
SALE_339,CUST-075,2022-01-19,January,2022,Winter,In Store
SALE_340,CUST-062,2021-07-08,July,2021,Summer,In Store
SALE_341,CUST-019,2021-08-19,August,2021,Summer,In Store
SALE_342,CUST-074,2022-07-12,July,2022,Summer,Online
SALE_343,CUST-064,2021-08-24,August,2021,Summer,Online
SALE_344,CUST-013,2020-05-06,May,2020,Spring,In Store
SALE_345,CUST-096,2022-07-19,July,2022,Summer,Online
SALE_346,CUST-044,2021-02-23,February,2021,Winter,In Store
SALE_347,CUST-053,2020-12-08,December,2020,Autumn,In Store
SALE_348,CUST-045,2021-07-24,July,2021,Summer,In Store
SALE_349,CUST-025,2021-12-28,December,2021,Winter,Online
SALE_350,CUST-015,2020-10-06,October,2020,Autumn,Online
SALE_351,CUST-024,2021-05-01,May,2021,Spring,In Store
SALE_352,CUST-013,2020-03-05,March,2020,Winter,Online
SALE_353,CUST-060,2023-02-04,February,2023,Winter,Local Pick-Up
SALE_354,CUST-023,2020-07-13,July,2020,Summer,Online
SALE_355,CUST-022,2020-09-29,September,2020,Autumn,Local Pick-Up
SALE_356,CUST-054,2023-06-12,June,2023,Spring,Local Pick-Up
SALE_357,CUST-067,2021-03-26,March,2021,Spring,Online
SALE_358,CUST-027,2023-01-06,January,2023,Winter,Local Pick-Up
SALE_359,CUST-027,2022-01-04,January,2022,Winter,In Store
SALE_360,CUST-033,2023-02-08,February,2023,Winter,Online
SALE_361,CUST-049,2022-11-21,November,2022,Autumn,Online
SALE_362,CUST-080,2023-09-03,September,2023,Summer,In Store
SALE_363,CUST-032,2020-10-29,October,2020,Autumn,Local Pick-Up
SALE_364,CUST-040,2022-03-16,March,2022,Winter,Local Pick-Up
SALE_365,CUST-034,2023-10-01,October,2023,Autumn,Local Pick-Up
SALE_366,CUST-080,2020-03-05,March,2020,Winter,Local Pick-Up
SALE_367,CUST-093,2021-03-19,March,2021,Winter,Local Pick-Up
SALE_368,CUST-020,2021-08-22,August,2021,Summer,Online
SALE_369,CUST-072,2022-05-27,May,2022,Spring,In Store
SALE_370,CUST-001,2023-09-09,September,2023,Summer,In Store
SALE_371,CUST-041,2023-08-10,August,2023,Summer,In Store
SALE_372,CUST-056,2020-08-09,August,2020,Summer,In Store
SALE_373,CUST-034,2021-03-07,March,2021,Winter,Online
SALE_374,CUST-016,2021-07-25,July,2021,Summer,In Store
SALE_375,CUST-082,2023-11-23,November,2023,Autumn,In Store
SALE_376,CUST-009,2020-09-03,September,2020,Summer,Local Pick-Up
SALE_377,CUST-096,2021-02-02,February,2021,Winter,Online
SALE_378,CUST-093,2022-08-14,August,2022,Summer,Online
SALE_379,CUST-040,2022-03-24,March,2022,Spring,In Store
SALE_380,CUST-048,2020-04-26,April,2020,Spring,Local Pick-Up
SALE_381,CUST-066,2023-12-12,December,2023,Autumn,In Store
SALE_382,CUST-044,2022-03-15,March,2022,Winter,Local Pick-Up
SALE_383,CUST-038,2021-10-24,October,2021,Autumn,Local Pick-Up
SALE_384,CUST-039,2023-02-26,February,2023,Winter,Online
SALE_385,CUST-005,2023-08-19,August,2023,Summer,In Store
SALE_386,CUST-010,2023-12-18,December,2023,Autumn,Online
SALE_387,CUST-002,2023-01-16,January,2023,Winter,Local Pick-Up
SALE_388,CUST-026,2021-01-06,January,2021,Winter,Local Pick-Up
SALE_389,CUST-071,2020-05-16,May,2020,Spring,Online
SALE_390,CUST-087,2020-04-28,April,2020,Spring,Online
SALE_391,CUST-026,2020-10-17,October,2020,Autumn,Online
SALE_392,CUST-070,2023-10-02,October,2023,Autumn,Online
SALE_393,CUST-022,2022-04-15,April,2022,Spring,Online
SALE_394,CUST-002,2020-08-01,August,2020,Summer,In Store
SALE_395,CUST-048,2023-08-09,August,2023,Summer,Online
SALE_396,CUST-034,2023-08-25,August,2023,Summer,Local Pick-Up
SALE_397,CUST-069,2020-02-18,February,2020,Winter,In Store
SALE_398,CUST-074,2020-11-29,November,2020,Autumn,Online
SALE_399,CUST-039,2023-06-01,June,2023,Spring,Online
SALE_400,CUST-010,2020-12-06,December,2020,Autumn,Online
SALE_401,CUST-017,2020-01-06,January,2020,Winter,Local Pick-Up
SALE_402,CUST-095,2020-07-23,July,2020,Summer,Online
SALE_403,CUST-015,2020-10-27,October,2020,Autumn,In Store
SALE_404,CUST-078,2021-11-28,November,2021,Autumn,In Store
SALE_405,CUST-081,2020-11-04,November,2020,Autumn,Local Pick-Up
SALE_406,CUST-043,2022-10-14,October,2022,Autumn,In Store
SALE_407,CUST-097,2020-10-03,October,2020,Autumn,In Store
SALE_408,CUST-029,2021-05-21,May,2021,Spring,In Store
SALE_409,CUST-020,2021-09-26,September,2021,Autumn,Local Pick-Up
SALE_410,CUST-057,2022-10-13,October,2022,Autumn,Online
SALE_411,CUST-081,2021-02-08,February,2021,Winter,Online
SALE_412,CUST-036,2020-05-23,May,2020,Spring,Online
SALE_413,CUST-007,2021-05-01,May,2021,Spring,Online
SALE_414,CUST-070,2023-02-25,February,2023,Winter,Local Pick-Up
SALE_415,CUST-040,2022-11-11,November,2022,Autumn,Online
SALE_416,CUST-075,2020-07-28,July,2020,Summer,Online
SALE_417,CUST-068,2020-06-24,June,2020,Summer,In Store
SALE_418,CUST-051,2021-06-24,June,2021,Summer,Online
SALE_419,CUST-057,2022-03-12,March,2022,Winter,Online
SALE_420,CUST-065,2021-05-29,May,2021,Spring,Online
SALE_421,CUST-038,2022-10-22,October,2022,Autumn,Online
SALE_422,CUST-066,2021-10-24,October,2021,Autumn,Local Pick-Up
SALE_423,CUST-099,2022-05-09,May,2022,Spring,Online
SALE_424,CUST-052,2021-09-17,September,2021,Summer,In Store
SALE_425,CUST-056,2021-11-13,November,2021,Autumn,In Store
SALE_426,CUST-061,2020-07-12,July,2020,Summer,In Store
SALE_427,CUST-030,2020-06-07,June,2020,Spring,Online
SALE_428,CUST-094,2020-11-14,November,2020,Autumn,In Store
SALE_429,CUST-003,2023-01-09,January,2023,Winter,In Store
SALE_430,CUST-025,2022-05-14,May,2022,Spring,In Store
SALE_431,CUST-087,2023-04-21,April,2023,Spring,In Store
SALE_432,CUST-046,2023-02-11,February,2023,Winter,In Store
SALE_433,CUST-051,2022-04-15,April,2022,Spring,Online
SALE_434,CUST-092,2020-04-07,April,2020,Spring,In Store
SALE_435,CUST-070,2022-09-16,September,2022,Summer,Local Pick-Up
SALE_436,CUST-058,2021-05-20,May,2021,Spring,Online
SALE_437,CUST-093,2020-02-29,February,2020,Winter,In Store
SALE_438,CUST-026,2021-10-04,October,2021,Autumn,Online
SALE_439,CUST-091,2022-05-06,May,2022,Spring,Online
SALE_440,CUST-097,2023-01-12,January,2023,Winter,In Store
SALE_441,CUST-083,2021-11-21,November,2021,Autumn,Local Pick-Up
SALE_442,CUST-056,2021-02-10,February,2021,Winter,Online
SALE_443,CUST-095,2021-09-15,September,2021,Summer,In Store
SALE_444,CUST-003,2023-08-30,August,2023,Summer,Local Pick-Up
SALE_445,CUST-036,2020-11-19,November,2020,Autumn,Online
SALE_446,CUST-049,2022-01-27,January,2022,Winter,Online
SALE_447,CUST-054,2022-03-29,March,2022,Spring,Online
SALE_448,CUST-018,2021-07-27,July,2021,Summer,Online
SALE_449,CUST-070,2022-12-10,December,2022,Autumn,In Store
SALE_450,CUST-072,2021-04-15,April,2021,Spring,In Store
SALE_451,CUST-087,2023-02-28,February,2023,Winter,In Store
SALE_452,CUST-011,2021-05-06,May,2021,Spring,In Store
SALE_453,CUST-085,2021-07-01,July,2021,Summer,Online
SALE_454,CUST-022,2021-06-02,June,2021,Spring,Online
SALE_455,CUST-002,2020-06-17,June,2020,Spring,Online
SALE_456,CUST-060,2021-09-28,September,2021,Autumn,In Store
SALE_457,CUST-027,2022-07-10,July,2022,Summer,Local Pick-Up
SALE_458,CUST-005,2022-01-13,January,2022,Winter,Local Pick-Up
SALE_459,CUST-068,2022-05-29,May,2022,Spring,In Store
SALE_460,CUST-094,2023-02-12,February,2023,Winter,In Store
SALE_461,CUST-019,2021-07-30,July,2021,Summer,Local Pick-Up
SALE_462,CUST-072,2020-06-01,June,2020,Spring,Online
SALE_463,CUST-080,2023-10-20,October,2023,Autumn,In Store
SALE_464,CUST-062,2022-11-09,November,2022,Autumn,In Store
SALE_465,CUST-082,2023-07-21,July,2023,Summer,Online
SALE_466,CUST-014,2021-10-02,October,2021,Autumn,Online
SALE_467,CUST-086,2022-10-26,October,2022,Autumn,Online
SALE_468,CUST-042,2021-09-30,September,2021,Autumn,Local Pick-Up
SALE_469,CUST-060,2020-01-31,January,2020,Winter,Online
SALE_470,CUST-058,2022-11-13,November,2022,Autumn,Local Pick-Up
SALE_471,CUST-022,2020-10-11,October,2020,Autumn,Online
SALE_472,CUST-053,2020-03-20,March,2020,Winter,Online
SALE_473,CUST-001,2021-02-27,February,2021,Winter,Online
SALE_474,CUST-056,2023-03-09,March,2023,Winter,Online
SALE_475,CUST-040,2023-07-08,July,2023,Summer,In Store
SALE_476,CUST-071,2022-01-21,January,2022,Winter,Online
SALE_477,CUST-038,2020-10-27,October,2020,Autumn,In Store
SALE_478,CUST-042,2022-09-24,September,2022,Autumn,In Store
SALE_479,CUST-073,2023-07-16,July,2023,Summer,In Store
SALE_480,CUST-014,2023-06-29,June,2023,Summer,Local Pick-Up
SALE_481,CUST-049,2023-12-02,December,2023,Autumn,In Store
SALE_482,CUST-068,2022-07-12,July,2022,Summer,Local Pick-Up
SALE_483,CUST-061,2020-03-10,March,2020,Winter,In Store
SALE_484,CUST-035,2023-04-17,April,2023,Spring,Local Pick-Up
SALE_485,CUST-090,2022-03-29,March,2022,Spring,In Store
SALE_486,CUST-047,2020-07-31,July,2020,Summer,Online
SALE_487,CUST-025,2020-05-02,May,2020,Spring,Local Pick-Up
SALE_488,CUST-060,2020-06-26,June,2020,Summer,Online
SALE_489,CUST-072,2022-06-12,June,2022,Spring,In Store
SALE_490,CUST-066,2021-06-22,June,2021,Summer,Local Pick-Up
SALE_491,CUST-052,2020-04-07,April,2020,Spring,Online
SALE_492,CUST-001,2023-06-09,June,2023,Spring,Local Pick-Up
SALE_493,CUST-016,2022-04-09,April,2022,Spring,In Store
SALE_494,CUST-031,2022-11-05,November,2022,Autumn,In Store
SALE_495,CUST-087,2022-09-15,September,2022,Summer,Online
SALE_496,CUST-056,2023-05-04,May,2023,Spring,Online
SALE_497,CUST-060,2022-02-04,February,2022,Winter,Online
SALE_498,CUST-056,2020-11-15,November,2020,Autumn,In Store
SALE_499,CUST-047,2021-03-22,March,2021,Spring,In Store
SALE_500,CUST-092,2021-07-23,July,2021,Summer,In Store
SALE_501,CUST-036,2020-07-11,July,2020,Summer,Online
SALE_502,CUST-043,2023-01-15,January,2023,Winter,In Store
SALE_503,CUST-021,2021-06-28,June,2021,Summer,Local Pick-Up
SALE_504,CUST-012,2022-05-21,May,2022,Spring,Online
SALE_505,CUST-074,2021-12-28,December,2021,Winter,Online
SALE_506,CUST-029,2023-05-30,May,2023,Spring,In Store
SALE_507,CUST-046,2021-11-09,November,2021,Autumn,In Store
SALE_508,CUST-078,2021-06-30,June,2021,Summer,Local Pick-Up
SALE_509,CUST-021,2022-05-12,May,2022,Spring,In Store
SALE_510,CUST-018,2023-08-17,August,2023,Summer,Local Pick-Up
SALE_511,CUST-006,2023-02-11,February,2023,Winter,In Store
SALE_512,CUST-095,2020-06-22,June,2020,Summer,In Store
SALE_513,CUST-003,2020-02-26,February,2020,Winter,Online
SALE_514,CUST-032,2023-08-25,August,2023,Summer,Online
SALE_515,CUST-004,2023-07-28,July,2023,Summer,Online
SALE_516,CUST-061,2022-02-01,February,2022,Winter,Local Pick-Up
SALE_517,CUST-065,2020-11-25,November,2020,Autumn,Online
SALE_518,CUST-092,2020-05-31,May,2020,Spring,Online
SALE_519,CUST-025,2021-06-22,June,2021,Summer,Online
SALE_520,CUST-083,2023-01-06,January,2023,Winter,In Store
SALE_521,CUST-082,2021-07-22,July,2021,Summer,Online
SALE_522,CUST-030,2020-05-27,May,2020,Spring,In Store
SALE_523,CUST-072,2020-09-08,September,2020,Summer,Local Pick-Up
SALE_524,CUST-017,2021-06-10,June,2021,Spring,In Store
SALE_525,CUST-025,2020-01-01,January,2020,Winter,Online
SALE_526,CUST-092,2020-07-31,July,2020,Summer,Online
SALE_527,CUST-087,2022-12-07,December,2022,Autumn,Online
SALE_528,CUST-069,2020-06-05,June,2020,Spring,In Store
SALE_529,CUST-091,2020-08-19,August,2020,Summer,In Store
SALE_530,CUST-079,2020-04-24,April,2020,Spring,Online
SALE_531,CUST-029,2022-04-29,April,2022,Spring,Local Pick-Up
SALE_532,CUST-063,2020-01-29,January,2020,Winter,Local Pick-Up
SALE_533,CUST-061,2022-06-11,June,2022,Spring,In Store
SALE_534,CUST-031,2020-04-18,April,2020,Spring,In Store
SALE_535,CUST-049,2023-05-16,May,2023,Spring,Local Pick-Up
SALE_536,CUST-022,2021-10-01,October,2021,Autumn,Online
SALE_537,CUST-029,2021-06-24,June,2021,Summer,In Store
SALE_538,CUST-058,2022-04-23,April,2022,Spring,Online
SALE_539,CUST-093,2021-05-19,May,2021,Spring,Online
SALE_540,CUST-038,2021-12-07,December,2021,Autumn,Online
SALE_541,CUST-077,2023-08-08,August,2023,Summer,Online
SALE_542,CUST-060,2021-04-16,April,2021,Spring,Online
SALE_543,CUST-062,2020-10-05,October,2020,Autumn,In Store
SALE_544,CUST-024,2023-10-28,October,2023,Autumn,Online
SALE_545,CUST-047,2021-09-04,September,2021,Summer,In Store
SALE_546,CUST-096,2021-10-27,October,2021,Autumn,Online
SALE_547,CUST-091,2023-02-12,February,2023,Winter,Online
SALE_548,CUST-059,2020-07-05,July,2020,Summer,Online
SALE_549,CUST-096,2020-08-31,August,2020,Summer,Local Pick-Up
SALE_550,CUST-091,2020-03-23,March,2020,Spring,Online
SALE_551,CUST-096,2021-01-28,January,2021,Winter,In Store
SALE_552,CUST-006,2020-07-06,July,2020,Summer,Local Pick-Up
SALE_553,CUST-042,2023-09-02,September,2023,Summer,Online
SALE_554,CUST-052,2022-10-05,October,2022,Autumn,Online
SALE_555,CUST-033,2022-07-03,July,2022,Summer,In Store
SALE_556,CUST-021,2022-06-16,June,2022,Spring,Local Pick-Up
SALE_557,CUST-021,2021-12-22,December,2021,Winter,In Store
SALE_558,CUST-058,2022-10-26,October,2022,Autumn,In Store
SALE_559,CUST-029,2021-11-05,November,2021,Autumn,In Store
SALE_560,CUST-073,2022-02-02,February,2022,Winter,Online
SALE_561,CUST-053,2021-11-25,November,2021,Autumn,In Store
SALE_562,CUST-062,2022-11-27,November,2022,Autumn,In Store
SALE_563,CUST-021,2021-09-28,September,2021,Autumn,In Store
SALE_564,CUST-099,2023-08-06,August,2023,Summer,Online
SALE_565,CUST-003,2021-12-03,December,2021,Autumn,Online
SALE_566,CUST-094,2021-11-24,November,2021,Autumn,Online
SALE_567,CUST-022,2023-05-09,May,2023,Spring,Online
SALE_568,CUST-019,2020-02-28,February,2020,Winter,Online
SALE_569,CUST-081,2020-04-18,April,2020,Spring,In Store
SALE_570,CUST-094,2020-11-11,November,2020,Autumn,Local Pick-Up
SALE_571,CUST-021,2022-11-05,November,2022,Autumn,In Store
SALE_572,CUST-054,2022-11-01,November,2022,Autumn,Online
SALE_573,CUST-042,2022-08-23,August,2022,Summer,Online
SALE_574,CUST-086,2023-10-08,October,2023,Autumn,Online
SALE_575,CUST-068,2023-10-31,October,2023,Autumn,Local Pick-Up
SALE_576,CUST-062,2020-06-03,June,2020,Spring,In Store
SALE_577,CUST-017,2021-12-31,December,2021,Winter,Local Pick-Up
SALE_578,CUST-004,2020-02-23,February,2020,Winter,Online
SALE_579,CUST-021,2022-10-13,October,2022,Autumn,In Store
SALE_580,CUST-005,2020-03-08,March,2020,Winter,Online
SALE_581,CUST-097,2021-07-23,July,2021,Summer,Online
SALE_582,CUST-084,2021-01-15,January,2021,Winter,Online
SALE_583,CUST-067,2021-04-13,April,2021,Spring,In Store
SALE_584,CUST-028,2021-08-15,August,2021,Summer,In Store
SALE_585,CUST-023,2023-08-15,August,2023,Summer,Online
SALE_586,CUST-005,2021-05-04,May,2021,Spring,Online
SALE_587,CUST-047,2022-12-29,December,2022,Winter,Online
SALE_588,CUST-050,2021-07-10,July,2021,Summer,In Store
SALE_589,CUST-009,2020-01-25,January,2020,Winter,Local Pick-Up
SALE_590,CUST-054,2020-07-26,July,2020,Summer,Local Pick-Up
SALE_591,CUST-020,2023-01-03,January,2023,Winter,In Store
SALE_592,CUST-060,2020-01-12,January,2020,Winter,Local Pick-Up
SALE_593,CUST-054,2022-06-09,June,2022,Spring,In Store
SALE_594,CUST-035,2022-09-29,September,2022,Autumn,In Store
SALE_595,CUST-060,2023-09-10,September,2023,Summer,Local Pick-Up
SALE_596,CUST-026,2020-03-10,March,2020,Winter,Local Pick-Up
SALE_597,CUST-006,2022-04-26,April,2022,Spring,Local Pick-Up
SALE_598,CUST-003,2022-04-22,April,2022,Spring,Local Pick-Up
SALE_599,CUST-025,2023-04-19,April,2023,Spring,Online
SALE_600,CUST-010,2022-01-14,January,2022,Winter,In Store
SALE_601,CUST-008,2021-12-17,December,2021,Autumn,Online
SALE_602,CUST-059,2022-09-13,September,2022,Summer,In Store
SALE_603,CUST-045,2021-05-21,May,2021,Spring,In Store
SALE_604,CUST-015,2022-09-07,September,2022,Summer,Online
SALE_605,CUST-098,2023-03-25,March,2023,Spring,Online
SALE_606,CUST-012,2020-09-01,September,2020,Summer,In Store
SALE_607,CUST-076,2020-07-01,July,2020,Summer,Online
SALE_608,CUST-041,2020-04-26,April,2020,Spring,In Store
SALE_609,CUST-056,2021-03-15,March,2021,Winter,In Store
SALE_610,CUST-092,2023-09-10,September,2023,Summer,Local Pick-Up
SALE_611,CUST-040,2022-04-23,April,2022,Spring,In Store
SALE_612,CUST-056,2020-10-13,October,2020,Autumn,Online
SALE_613,CUST-067,2022-05-09,May,2022,Spring,Online
SALE_614,CUST-066,2021-07-13,July,2021,Summer,In Store
SALE_615,CUST-020,2021-11-24,November,2021,Autumn,Online
SALE_616,CUST-066,2021-08-23,August,2021,Summer,In Store
SALE_617,CUST-042,2022-11-10,November,2022,Autumn,Online
SALE_618,CUST-098,2022-06-22,June,2022,Summer,Online
SALE_619,CUST-042,2020-01-07,January,2020,Winter,Online
SALE_620,CUST-032,2022-09-01,September,2022,Summer,Online
SALE_621,CUST-008,2020-03-16,March,2020,Winter,Online
SALE_622,CUST-067,2023-08-26,August,2023,Summer,In Store
SALE_623,CUST-096,2022-03-09,March,2022,Winter,Online
SALE_624,CUST-052,2021-10-11,October,2021,Autumn,In Store
SALE_625,CUST-019,2023-10-01,October,2023,Autumn,Online
SALE_626,CUST-041,2022-03-18,March,2022,Winter,Local Pick-Up
SALE_627,CUST-097,2023-09-12,September,2023,Summer,In Store
SALE_628,CUST-068,2022-12-17,December,2022,Autumn,Online
SALE_629,CUST-018,2023-01-14,January,2023,Winter,In Store
SALE_630,CUST-020,2021-07-18,July,2021,Summer,Local Pick-Up
SALE_631,CUST-008,2021-06-04,June,2021,Spring,Online
SALE_632,CUST-096,2023-11-08,November,2023,Autumn,Local Pick-Up
SALE_633,CUST-085,2022-11-22,November,2022,Autumn,Online
SALE_634,CUST-084,2023-12-09,December,2023,Autumn,In Store
SALE_635,CUST-012,2022-09-22,September,2022,Autumn,Local Pick-Up
SALE_636,CUST-090,2020-07-18,July,2020,Summer,In Store
SALE_637,CUST-009,2020-03-07,March,2020,Winter,In Store
SALE_638,CUST-056,2020-08-03,August,2020,Summer,Local Pick-Up
SALE_639,CUST-040,2021-09-05,September,2021,Summer,In Store
SALE_640,CUST-009,2021-11-11,November,2021,Autumn,Online
SALE_641,CUST-060,2021-10-27,October,2021,Autumn,Online
SALE_642,CUST-068,2021-09-22,September,2021,Autumn,In Store
SALE_643,CUST-014,2022-06-12,June,2022,Spring,Online
SALE_644,CUST-065,2023-07-23,July,2023,Summer,Online
SALE_645,CUST-027,2020-05-19,May,2020,Spring,In Store
SALE_646,CUST-042,2022-12-19,December,2022,Autumn,Online
SALE_647,CUST-090,2023-06-01,June,2023,Spring,Online
SALE_648,CUST-034,2023-10-15,October,2023,Autumn,In Store
SALE_649,CUST-018,2021-08-17,August,2021,Summer,Local Pick-Up
SALE_650,CUST-063,2022-08-28,August,2022,Summer,Online
SALE_651,CUST-045,2020-08-15,August,2020,Summer,Online
SALE_652,CUST-010,2020-02-01,February,2020,Winter,In Store
SALE_653,CUST-098,2020-04-02,April,2020,Spring,In Store
SALE_654,CUST-040,2020-06-19,June,2020,Spring,Online
SALE_655,CUST-029,2022-08-19,August,2022,Summer,Online
SALE_656,CUST-096,2020-11-24,November,2020,Autumn,In Store
SALE_657,CUST-025,2022-05-31,May,2022,Spring,Online
SALE_658,CUST-031,2022-11-29,November,2022,Autumn,Online
SALE_659,CUST-056,2023-04-14,April,2023,Spring,In Store
SALE_660,CUST-018,2021-02-02,February,2021,Winter,Local Pick-Up
SALE_661,CUST-012,2023-05-30,May,2023,Spring,In Store
SALE_662,CUST-035,2022-10-26,October,2022,Autumn,Local Pick-Up
SALE_663,CUST-034,2021-04-24,April,2021,Spring,Online
SALE_664,CUST-096,2023-05-30,May,2023,Spring,Local Pick-Up
SALE_665,CUST-082,2021-10-04,October,2021,Autumn,In Store
SALE_666,CUST-021,2021-05-11,May,2021,Spring,Online
SALE_667,CUST-018,2022-11-22,November,2022,Autumn,In Store
SALE_668,CUST-013,2020-05-22,May,2020,Spring,Online
SALE_669,CUST-009,2021-12-27,December,2021,Winter,Local Pick-Up
SALE_670,CUST-031,2020-11-15,November,2020,Autumn,In Store
SALE_671,CUST-070,2022-10-02,October,2022,Autumn,In Store
SALE_672,CUST-008,2021-07-29,July,2021,Summer,In Store
SALE_673,CUST-015,2022-07-21,July,2022,Summer,In Store
SALE_674,CUST-080,2022-01-06,January,2022,Winter,Online
SALE_675,CUST-027,2021-12-19,December,2021,Autumn,Online
SALE_676,CUST-050,2022-03-03,March,2022,Winter,In Store
SALE_677,CUST-014,2021-01-01,January,2021,Winter,Online
SALE_678,CUST-075,2020-06-26,June,2020,Summer,In Store
SALE_679,CUST-037,2021-11-14,November,2021,Autumn,In Store
SALE_680,CUST-065,2022-04-28,April,2022,Spring,In Store
SALE_681,CUST-087,2021-11-08,November,2021,Autumn,In Store
SALE_682,CUST-004,2023-09-15,September,2023,Summer,Online
SALE_683,CUST-088,2022-03-22,March,2022,Spring,In Store
SALE_684,CUST-022,2023-04-09,April,2023,Spring,In Store
SALE_685,CUST-002,2022-07-07,July,2022,Summer,Local Pick-Up
SALE_686,CUST-009,2021-02-25,February,2021,Winter,In Store
SALE_687,CUST-043,2022-11-20,November,2022,Autumn,Online
SALE_688,CUST-015,2022-09-28,September,2022,Autumn,Online
SALE_689,CUST-029,2023-01-30,January,2023,Winter,Online
SALE_690,CUST-028,2022-12-13,December,2022,Autumn,Local Pick-Up
SALE_691,CUST-089,2020-07-31,July,2020,Summer,Online
SALE_692,CUST-082,2020-04-12,April,2020,Spring,Local Pick-Up
SALE_693,CUST-039,2023-08-07,August,2023,Summer,In Store
SALE_694,CUST-032,2022-09-23,September,2022,Autumn,In Store
SALE_695,CUST-089,2023-09-27,September,2023,Autumn,In Store
SALE_696,CUST-058,2021-12-08,December,2021,Autumn,Local Pick-Up
SALE_697,CUST-046,2022-01-28,January,2022,Winter,Online
SALE_698,CUST-033,2021-06-27,June,2021,Summer,In Store
SALE_699,CUST-040,2020-11-17,November,2020,Autumn,In Store
SALE_700,CUST-009,2021-01-14,January,2021,Winter,In Store
SALE_701,CUST-023,2022-01-05,January,2022,Winter,In Store
SALE_702,CUST-041,2020-03-14,March,2020,Winter,In Store
SALE_703,CUST-075,2023-12-07,December,2023,Autumn,In Store
SALE_704,CUST-043,2022-08-30,August,2022,Summer,In Store
SALE_705,CUST-034,2022-05-25,May,2022,Spring,Local Pick-Up
SALE_706,CUST-045,2021-10-06,October,2021,Autumn,In Store
SALE_707,CUST-023,2022-05-10,May,2022,Spring,Local Pick-Up
SALE_708,CUST-054,2023-11-21,November,2023,Autumn,In Store
SALE_709,CUST-017,2021-03-16,March,2021,Winter,Online
SALE_710,CUST-076,2023-11-06,November,2023,Autumn,Local Pick-Up
SALE_711,CUST-040,2020-04-23,April,2020,Spring,In Store
SALE_712,CUST-076,2021-12-05,December,2021,Autumn,Local Pick-Up
SALE_713,CUST-035,2022-01-26,January,2022,Winter,Local Pick-Up
SALE_714,CUST-065,2021-03-24,March,2021,Spring,Local Pick-Up
SALE_715,CUST-052,2020-11-24,November,2020,Autumn,Online
SALE_716,CUST-079,2021-03-13,March,2021,Winter,Online
SALE_717,CUST-050,2021-07-13,July,2021,Summer,In Store
SALE_718,CUST-069,2021-09-04,September,2021,Summer,In Store
SALE_719,CUST-024,2021-09-03,September,2021,Summer,Online
SALE_720,CUST-052,2020-12-19,December,2020,Autumn,In Store
SALE_721,CUST-053,2023-01-31,January,2023,Winter,In Store
SALE_722,CUST-045,2021-07-01,July,2021,Summer,Online
SALE_723,CUST-070,2020-05-23,May,2020,Spring,In Store
SALE_724,CUST-042,2022-06-14,June,2022,Spring,Online
SALE_725,CUST-075,2021-11-27,November,2021,Autumn,In Store
SALE_726,CUST-038,2022-11-10,November,2022,Autumn,Local Pick-Up
SALE_727,CUST-053,2023-11-26,November,2023,Autumn,Online
SALE_728,CUST-045,2020-01-03,January,2020,Winter,In Store
SALE_729,CUST-023,2021-08-06,August,2021,Summer,Online
SALE_730,CUST-009,2022-04-16,April,2022,Spring,Online
SALE_731,CUST-061,2022-10-12,October,2022,Autumn,Online
SALE_732,CUST-057,2023-07-08,July,2023,Summer,In Store
SALE_733,CUST-080,2023-01-11,January,2023,Winter,In Store
SALE_734,CUST-033,2022-09-11,September,2022,Summer,In Store
SALE_735,CUST-064,2020-12-07,December,2020,Autumn,Online
SALE_736,CUST-089,2022-05-17,May,2022,Spring,In Store
SALE_737,CUST-040,2022-03-02,March,2022,Winter,In Store
SALE_738,CUST-038,2021-03-16,March,2021,Winter,In Store
SALE_739,CUST-026,2023-01-23,January,2023,Winter,In Store
SALE_740,CUST-026,2023-07-31,July,2023,Summer,In Store
SALE_741,CUST-099,2022-06-14,June,2022,Spring,Online
SALE_742,CUST-033,2023-01-15,January,2023,Winter,Local Pick-Up
SALE_743,CUST-081,2021-11-30,November,2021,Autumn,In Store
SALE_744,CUST-077,2020-07-25,July,2020,Summer,Online
SALE_745,CUST-030,2023-06-22,June,2023,Summer,In Store
SALE_746,CUST-030,2021-11-02,November,2021,Autumn,In Store
SALE_747,CUST-019,2022-10-21,October,2022,Autumn,Local Pick-Up
SALE_748,CUST-011,2022-01-05,January,2022,Winter,In Store
SALE_749,CUST-098,2022-06-12,June,2022,Spring,Local Pick-Up
SALE_750,CUST-056,2020-08-27,August,2020,Summer,In Store
SALE_751,CUST-055,2020-04-21,April,2020,Spring,In Store
SALE_752,CUST-026,2023-12-09,December,2023,Autumn,In Store
SALE_753,CUST-033,2022-10-29,October,2022,Autumn,Local Pick-Up
SALE_754,CUST-077,2023-11-09,November,2023,Autumn,In Store
SALE_755,CUST-040,2020-11-02,November,2020,Autumn,In Store
SALE_756,CUST-029,2023-06-12,June,2023,Spring,In Store
SALE_757,CUST-090,2022-02-14,February,2022,Winter,Online
SALE_758,CUST-022,2023-08-25,August,2023,Summer,In Store
SALE_759,CUST-081,2022-06-23,June,2022,Summer,In Store
SALE_760,CUST-007,2022-04-13,April,2022,Spring,In Store
SALE_761,CUST-018,2021-02-06,February,2021,Winter,Online
SALE_762,CUST-075,2021-08-05,August,2021,Summer,In Store
SALE_763,CUST-082,2022-05-22,May,2022,Spring,Online
SALE_764,CUST-087,2023-07-14,July,2023,Summer,Online
SALE_765,CUST-012,2022-12-31,December,2022,Winter,Online
SALE_766,CUST-096,2020-10-15,October,2020,Autumn,Online
SALE_767,CUST-099,2021-06-16,June,2021,Spring,In Store
SALE_768,CUST-026,2022-08-27,August,2022,Summer,Local Pick-Up
SALE_769,CUST-057,2023-08-06,August,2023,Summer,Online
SALE_770,CUST-003,2020-06-07,June,2020,Spring,Online
SALE_771,CUST-059,2023-02-27,February,2023,Winter,In Store
SALE_772,CUST-072,2020-03-03,March,2020,Winter,In Store
SALE_773,CUST-076,2023-10-12,October,2023,Autumn,Local Pick-Up
SALE_774,CUST-032,2022-02-24,February,2022,Winter,In Store
SALE_775,CUST-062,2021-09-26,September,2021,Autumn,In Store
SALE_776,CUST-025,2021-12-24,December,2021,Winter,In Store
SALE_777,CUST-081,2020-03-28,March,2020,Spring,Local Pick-Up
SALE_778,CUST-024,2023-02-17,February,2023,Winter,In Store
SALE_779,CUST-088,2022-04-09,April,2022,Spring,Online
SALE_780,CUST-056,2020-01-29,January,2020,Winter,Online
SALE_781,CUST-011,2022-06-03,June,2022,Spring,In Store
SALE_782,CUST-039,2020-09-12,September,2020,Summer,Online
SALE_783,CUST-059,2020-02-12,February,2020,Winter,In Store
SALE_784,CUST-097,2020-12-01,December,2020,Autumn,In Store
SALE_785,CUST-055,2021-09-30,September,2021,Autumn,In Store
SALE_786,CUST-012,2022-06-04,June,2022,Spring,Online
SALE_787,CUST-054,2023-09-11,September,2023,Summer,In Store
SALE_788,CUST-022,2023-01-19,January,2023,Winter,In Store
SALE_789,CUST-004,2023-01-19,January,2023,Winter,In Store
SALE_790,CUST-042,2022-08-31,August,2022,Summer,Online
SALE_791,CUST-034,2023-10-14,October,2023,Autumn,Online
SALE_792,CUST-072,2020-05-16,May,2020,Spring,Online
SALE_793,CUST-057,2021-07-31,July,2021,Summer,In Store
SALE_794,CUST-007,2023-03-16,March,2023,Winter,Online
SALE_795,CUST-066,2021-05-11,May,2021,Spring,In Store
SALE_796,CUST-099,2020-02-02,February,2020,Winter,Local Pick-Up
SALE_797,CUST-042,2022-05-26,May,2022,Spring,In Store
SALE_798,CUST-059,2021-02-23,February,2021,Winter,In Store
SALE_799,CUST-083,2023-05-05,May,2023,Spring,Online
SALE_800,CUST-006,2020-06-09,June,2020,Spring,In Store
SALE_801,CUST-085,2020-05-16,May,2020,Spring,Online
SALE_802,CUST-073,2021-06-14,June,2021,Spring,In Store
SALE_803,CUST-065,2020-10-02,October,2020,Autumn,Local Pick-Up
SALE_804,CUST-090,2022-10-13,October,2022,Autumn,In Store
SALE_805,CUST-033,2020-08-13,August,2020,Summer,Local Pick-Up
SALE_806,CUST-080,2023-10-08,October,2023,Autumn,In Store
SALE_807,CUST-006,2023-06-23,June,2023,Summer,Local Pick-Up
SALE_808,CUST-060,2021-12-15,December,2021,Autumn,In Store
SALE_809,CUST-012,2021-02-14,February,2021,Winter,Online
SALE_810,CUST-097,2022-02-20,February,2022,Winter,Online
SALE_811,CUST-055,2022-11-06,November,2022,Autumn,In Store
SALE_812,CUST-072,2020-06-22,June,2020,Summer,Online
SALE_813,CUST-024,2021-02-23,February,2021,Winter,Online
SALE_814,CUST-079,2023-07-07,July,2023,Summer,Online
SALE_815,CUST-017,2020-11-11,November,2020,Autumn,Online
SALE_816,CUST-084,2021-01-05,January,2021,Winter,In Store
SALE_817,CUST-053,2022-09-17,September,2022,Summer,Online
SALE_818,CUST-085,2023-06-11,June,2023,Spring,Local Pick-Up
SALE_819,CUST-017,2020-04-03,April,2020,Spring,In Store
SALE_820,CUST-061,2020-06-25,June,2020,Summer,In Store
SALE_821,CUST-085,2022-03-28,March,2022,Spring,In Store
SALE_822,CUST-067,2022-07-01,July,2022,Summer,In Store
SALE_823,CUST-095,2020-10-21,October,2020,Autumn,Online
SALE_824,CUST-023,2022-06-24,June,2022,Summer,Online
SALE_825,CUST-098,2022-04-08,April,2022,Spring,Online
SALE_826,CUST-020,2022-12-28,December,2022,Winter,Online
SALE_827,CUST-035,2020-11-02,November,2020,Autumn,In Store
SALE_828,CUST-003,2022-11-09,November,2022,Autumn,In Store
SALE_829,CUST-012,2022-02-27,February,2022,Winter,Local Pick-Up
SALE_830,CUST-035,2020-02-17,February,2020,Winter,Online
SALE_831,CUST-034,2022-12-17,December,2022,Autumn,Online
SALE_832,CUST-097,2023-05-12,May,2023,Spring,In Store
SALE_833,CUST-013,2021-11-08,November,2021,Autumn,Online
SALE_834,CUST-099,2020-09-23,September,2020,Autumn,In Store
SALE_835,CUST-063,2023-09-17,September,2023,Summer,Online
SALE_836,CUST-089,2023-12-27,December,2023,Winter,Online
SALE_837,CUST-020,2021-10-17,October,2021,Autumn,Online
SALE_838,CUST-058,2023-12-29,December,2023,Winter,Online
SALE_839,CUST-082,2022-02-11,February,2022,Winter,In Store
SALE_840,CUST-034,2021-01-01,January,2021,Winter,In Store
SALE_841,CUST-045,2020-03-24,March,2020,Spring,In Store
SALE_842,CUST-047,2023-07-13,July,2023,Summer,Online
SALE_843,CUST-067,2021-10-25,October,2021,Autumn,Online
SALE_844,CUST-038,2023-03-14,March,2023,Winter,Online
SALE_845,CUST-049,2021-08-19,August,2021,Summer,In Store
SALE_846,CUST-041,2022-03-27,March,2022,Spring,In Store
SALE_847,CUST-064,2020-03-16,March,2020,Winter,In Store
SALE_848,CUST-061,2020-09-30,September,2020,Autumn,In Store
SALE_849,CUST-023,2020-11-04,November,2020,Autumn,In Store
SALE_850,CUST-095,2020-06-19,June,2020,Spring,Online
SALE_851,CUST-069,2022-04-11,April,2022,Spring,Online
SALE_852,CUST-067,2021-10-26,October,2021,Autumn,In Store
SALE_853,CUST-098,2021-11-14,November,2021,Autumn,Online
SALE_854,CUST-069,2020-05-29,May,2020,Spring,In Store
SALE_855,CUST-035,2022-04-21,April,2022,Spring,Online
SALE_856,CUST-097,2021-04-16,April,2021,Spring,Local Pick-Up
SALE_857,CUST-073,2022-10-25,October,2022,Autumn,Online
SALE_858,CUST-048,2023-05-12,May,2023,Spring,Online
SALE_859,CUST-037,2021-10-28,October,2021,Autumn,Online
SALE_860,CUST-059,2023-08-16,August,2023,Summer,Online
SALE_861,CUST-029,2023-04-10,April,2023,Spring,Online
SALE_862,CUST-066,2022-04-02,April,2022,Spring,Local Pick-Up
SALE_863,CUST-026,2023-11-22,November,2023,Autumn,In Store
SALE_864,CUST-045,2022-05-25,May,2022,Spring,In Store
SALE_865,CUST-035,2020-11-09,November,2020,Autumn,Online
SALE_866,CUST-020,2023-09-28,September,2023,Autumn,Online
SALE_867,CUST-098,2020-07-01,July,2020,Summer,In Store
SALE_868,CUST-075,2020-01-07,January,2020,Winter,Online
SALE_869,CUST-075,2020-05-24,May,2020,Spring,Online
SALE_870,CUST-025,2022-12-31,December,2022,Winter,Online
SALE_871,CUST-057,2020-02-10,February,2020,Winter,In Store
SALE_872,CUST-020,2023-11-27,November,2023,Autumn,Local Pick-Up
SALE_873,CUST-042,2020-08-01,August,2020,Summer,Online
SALE_874,CUST-063,2023-04-01,April,2023,Spring,Local Pick-Up
SALE_875,CUST-004,2023-10-17,October,2023,Autumn,In Store
SALE_876,CUST-031,2021-04-20,April,2021,Spring,Online
SALE_877,CUST-031,2022-10-15,October,2022,Autumn,Local Pick-Up
SALE_878,CUST-044,2022-09-28,September,2022,Autumn,Online
SALE_879,CUST-042,2020-03-07,March,2020,Winter,Online
SALE_880,CUST-021,2021-12-06,December,2021,Autumn,In Store
SALE_881,CUST-066,2022-09-30,September,2022,Autumn,Online
SALE_882,CUST-074,2022-02-02,February,2022,Winter,In Store
SALE_883,CUST-005,2023-02-18,February,2023,Winter,In Store
SALE_884,CUST-030,2022-03-01,March,2022,Winter,In Store
SALE_885,CUST-055,2021-07-22,July,2021,Summer,In Store
SALE_886,CUST-032,2020-03-18,March,2020,Winter,Online
SALE_887,CUST-056,2020-02-17,February,2020,Winter,In Store
SALE_888,CUST-042,2020-10-14,October,2020,Autumn,In Store
SALE_889,CUST-028,2023-02-25,February,2023,Winter,Online
SALE_890,CUST-092,2021-10-26,October,2021,Autumn,In Store
SALE_891,CUST-003,2021-10-28,October,2021,Autumn,Online
SALE_892,CUST-042,2020-06-13,June,2020,Spring,Online
SALE_893,CUST-079,2022-08-29,August,2022,Summer,Online
SALE_894,CUST-083,2020-07-17,July,2020,Summer,Online
SALE_895,CUST-098,2022-06-06,June,2022,Spring,In Store
SALE_896,CUST-092,2020-05-13,May,2020,Spring,Online
SALE_897,CUST-019,2021-06-02,June,2021,Spring,In Store
SALE_898,CUST-030,2022-09-22,September,2022,Autumn,In Store
SALE_899,CUST-084,2022-07-30,July,2022,Summer,Online
SALE_900,CUST-090,2023-11-08,November,2023,Autumn,Online
SALE_901,CUST-079,2021-04-27,April,2021,Spring,In Store
SALE_902,CUST-068,2023-04-17,April,2023,Spring,Online
SALE_903,CUST-054,2020-04-14,April,2020,Spring,In Store
SALE_904,CUST-078,2022-03-03,March,2022,Winter,In Store
SALE_905,CUST-077,2022-06-11,June,2022,Spring,In Store
SALE_906,CUST-059,2023-01-11,January,2023,Winter,Local Pick-Up
SALE_907,CUST-093,2021-06-13,June,2021,Spring,Online
SALE_908,CUST-007,2021-12-03,December,2021,Autumn,Online
SALE_909,CUST-082,2022-03-18,March,2022,Winter,Online
SALE_910,CUST-075,2022-11-26,November,2022,Autumn,Online
SALE_911,CUST-014,2023-05-18,May,2023,Spring,In Store
SALE_912,CUST-002,2023-01-22,January,2023,Winter,Online
SALE_913,CUST-034,2023-07-28,July,2023,Summer,In Store
SALE_914,CUST-038,2023-01-13,January,2023,Winter,In Store
SALE_915,CUST-053,2021-08-21,August,2021,Summer,Local Pick-Up
SALE_916,CUST-037,2021-08-05,August,2021,Summer,In Store
SALE_917,CUST-078,2022-03-08,March,2022,Winter,Online
SALE_918,CUST-084,2022-01-05,January,2022,Winter,In Store
SALE_919,CUST-013,2022-12-30,December,2022,Winter,In Store
SALE_920,CUST-005,2022-04-29,April,2022,Spring,Online
SALE_921,CUST-061,2023-03-06,March,2023,Winter,Online
SALE_922,CUST-020,2021-07-13,July,2021,Summer,In Store
SALE_923,CUST-032,2021-02-23,February,2021,Winter,In Store
SALE_924,CUST-036,2023-03-26,March,2023,Spring,Local Pick-Up
SALE_925,CUST-068,2020-11-17,November,2020,Autumn,In Store
SALE_926,CUST-073,2020-01-25,January,2020,Winter,In Store
SALE_927,CUST-015,2021-08-09,August,2021,Summer,In Store
SALE_928,CUST-071,2022-11-09,November,2022,Autumn,In Store
SALE_929,CUST-018,2023-08-17,August,2023,Summer,Online
SALE_930,CUST-042,2023-08-30,August,2023,Summer,Local Pick-Up
SALE_931,CUST-025,2023-07-13,July,2023,Summer,Online
SALE_932,CUST-087,2022-03-19,March,2022,Winter,Local Pick-Up
SALE_933,CUST-029,2021-06-25,June,2021,Summer,In Store
SALE_934,CUST-055,2022-12-19,December,2022,Autumn,Local Pick-Up
SALE_935,CUST-086,2023-02-01,February,2023,Winter,In Store
SALE_936,CUST-052,2020-05-09,May,2020,Spring,In Store
SALE_937,CUST-083,2020-03-28,March,2020,Spring,Online
SALE_938,CUST-068,2021-07-22,July,2021,Summer,In Store
SALE_939,CUST-089,2021-01-31,January,2021,Winter,In Store
SALE_940,CUST-046,2023-11-17,November,2023,Autumn,Online
SALE_941,CUST-060,2020-04-12,April,2020,Spring,Online
SALE_942,CUST-082,2023-10-02,October,2023,Autumn,Local Pick-Up
SALE_943,CUST-004,2021-05-23,May,2021,Spring,In Store
SALE_944,CUST-011,2021-05-25,May,2021,Spring,In Store
SALE_945,CUST-031,2022-04-21,April,2022,Spring,Online
SALE_946,CUST-093,2021-03-10,March,2021,Winter,Online
SALE_947,CUST-016,2023-07-07,July,2023,Summer,Online
SALE_948,CUST-063,2022-11-30,November,2022,Autumn,Local Pick-Up
SALE_949,CUST-094,2022-07-05,July,2022,Summer,In Store
SALE_950,CUST-096,2022-01-12,January,2022,Winter,Local Pick-Up
SALE_951,CUST-067,2023-09-20,September,2023,Summer,Local Pick-Up
SALE_952,CUST-007,2023-07-23,July,2023,Summer,In Store
SALE_953,CUST-016,2022-12-13,December,2022,Autumn,Online
SALE_954,CUST-031,2022-11-11,November,2022,Autumn,Online
SALE_955,CUST-075,2021-01-19,January,2021,Winter,Online
SALE_956,CUST-066,2021-08-09,August,2021,Summer,In Store
SALE_957,CUST-017,2021-09-21,September,2021,Summer,In Store
SALE_958,CUST-066,2022-12-16,December,2022,Autumn,Local Pick-Up
SALE_959,CUST-053,2020-10-03,October,2020,Autumn,Online
SALE_960,CUST-055,2021-03-21,March,2021,Winter,In Store
SALE_961,CUST-099,2022-04-24,April,2022,Spring,Online
SALE_962,CUST-094,2023-09-04,September,2023,Summer,In Store
SALE_963,CUST-097,2021-09-15,September,2021,Summer,In Store
SALE_964,CUST-074,2021-03-22,March,2021,Spring,Online
SALE_965,CUST-076,2021-02-21,February,2021,Winter,Online
SALE_966,CUST-033,2020-02-03,February,2020,Winter,Local Pick-Up
SALE_967,CUST-090,2022-10-31,October,2022,Autumn,In Store
SALE_968,CUST-056,2021-03-07,March,2021,Winter,In Store
SALE_969,CUST-086,2022-10-27,October,2022,Autumn,Online
SALE_970,CUST-027,2020-04-28,April,2020,Spring,Local Pick-Up
SALE_971,CUST-059,2020-09-02,September,2020,Summer,Online
SALE_972,CUST-029,2021-02-09,February,2021,Winter,Online
SALE_973,CUST-093,2023-08-14,August,2023,Summer,Local Pick-Up
SALE_974,CUST-077,2021-03-06,March,2021,Winter,In Store
SALE_975,CUST-081,2020-02-11,February,2020,Winter,Online
SALE_976,CUST-013,2021-03-13,March,2021,Winter,Online
SALE_977,CUST-066,2021-09-01,September,2021,Summer,Online
SALE_978,CUST-095,2021-08-25,August,2021,Summer,In Store
SALE_979,CUST-068,2022-11-27,November,2022,Autumn,In Store
SALE_980,CUST-015,2020-07-27,July,2020,Summer,In Store
SALE_981,CUST-039,2022-12-04,December,2022,Autumn,Online
SALE_982,CUST-093,2021-01-29,January,2021,Winter,In Store
SALE_983,CUST-003,2020-12-02,December,2020,Autumn,Online
SALE_984,CUST-044,2023-10-02,October,2023,Autumn,Online
SALE_985,CUST-057,2022-03-31,March,2022,Spring,In Store
SALE_986,CUST-043,2021-11-23,November,2021,Autumn,In Store
SALE_987,CUST-070,2022-01-17,January,2022,Winter,In Store
SALE_988,CUST-005,2020-12-25,December,2020,Winter,In Store
SALE_989,CUST-008,2023-12-28,December,2023,Winter,Online
SALE_990,CUST-032,2020-11-03,November,2020,Autumn,In Store
SALE_991,CUST-048,2023-11-16,November,2023,Autumn,In Store
SALE_992,CUST-068,2020-03-26,March,2020,Spring,In Store
SALE_993,CUST-014,2023-12-14,December,2023,Autumn,Online
SALE_994,CUST-042,2020-04-17,April,2020,Spring,Online
SALE_995,CUST-079,2023-01-01,January,2023,Winter,Online
SALE_996,CUST-076,2020-09-07,September,2020,Summer,In Store
SALE_997,CUST-042,2020-06-13,June,2020,Spring,Local Pick-Up
SALE_998,CUST-056,2021-06-14,June,2021,Spring,In Store
SALE_999,CUST-022,2021-04-08,April,2021,Spring,In Store